#word,meaning,option1,option2,option3
低估,underestimate,assumption,guess a riddle,unexpectedly
可敬,respectable,to convince,admire,self pride
谦恭,courtesy,countess,courtly,dull
杂交,cross,cress,gross,tress
短门,hatch,batch,hutch,thatch
观念,conception,inception,confection,convection
波动,fluctuation,pitiless,full of tenderness or affection,not throw the troops into battle
粘结,cement,moment,cogent,lament
桨,oar,oak,boar,gas
价格,rate,irate,ace,ripe
合并,incorporate,split up,for a long time,cooperate
孔雀,peacock,parrot,myna,partridge
嗡嗡声,hum,rum,hem,whim
脸红,blush,flush,slosh,lush
五谷,cereal,serial,aerial,cream
肮脏,foul,fowl,goal,sour
调停人,composer,composure,compose,computer
(足球等)裁判员,referee,refer,reference,reverse
谨防,beware,blare,bear,berate
智力,intellect,interject,intersect,gifted
装饰,decorative,brew,counterfeit,assemble and install
挑起,shoulder,moulder,boulder,holder
非难,rebuke,rebut,revoke,rebuff
山一般的,mountainous,condition,percussion,surf
思索,speculate,peculate,appreciate,thanksgiving
节俭,thrifty,throaty,thrift,shifty
出发,head,heed,end,knead
超声波,ultrasonic,microwave,trough,great waves
废除,abolish,polish,foolish,to risk one's life
对…挑衅,provoke,provide,propose,promote
人事部门,personnel,personal,research institute,personnel office
盗匪,bandit,bait,pundit,candid
技巧,craft,draft,crate,raft
可疑,questionable,classified ,in private,inconceivable
监督,supervise,superfine,supervene,to go around and inspect
主因,dominant,dominance,ruminant,dominate
塑料,plastic,elastic,drastic,plaster
商行,concern,conceal,convert,condemn
协议,accord,accost,record,actor
沙丁鱼,sardine,marine,saline,shrine
聚众闹事,mob,mot,log,rob
肌肉发达,muscular,vascular,weak,young
危机,peril,perch,per,pupil
诱惑,tempt,temple,tempo,emit
议院,house,lose,louse,husk
鸦片,opium,arsenic trioxide,hemp,poison
麻烦事,bore,more,sore,snore
人造树脂,pitch,bitch,pinch,pick
臀部,stern,skein,stet,stir
宇宙,cosmic,comic,cosmos,commit
疾病,disorder,disorderly,half-length photo or portrait,joint photo
类似物,analogue,analogize,catalogue,analogy
公鸡,rooster,roster,holster,mobster
提供养分,nourish,tourist,tourism,flourish
厩,stall,stalk,small,stay
大大,widely,girl,old people,uncle
低沉连续的声音,murmur,murder,sort,sacred
蹒跚,limp,him,lime,lilt
任命,nominate,ruminate,dominate,nominee
单纯,simplicity,complicity,implicit,solely
不透明的,opaque,pique,plaque,muse
鼓起(勇气),pluck,lick,puck,luck
轻敲击声,rap,may,gap,cape
氧化物,oxide,ride,elide,chide
灵敏度,response,responsive,respond,repose
签证,visa,vine,via,piss
兵力,strength,strengthen,military force,manpower
欠缺,deficient,deficit,efficient,deficiency
人类,humanity,inhumanity,humility,humanize
驱散,disperse,dispense,diverse,disease
压倒,overwhelming,such as,generally speaking,excel
夸耀(才能等),parade,trade,paradise,partake
榨取,extract,extra,detract,retract
背离,deviation,dedication,devotion,aviation
(湖)底,bed,sea,sled,send
飞行,aviation,navigation,avocation,radiation
(创造力)丰富的,fertile,fertilize,febrile,reptile
俚语,slang,sling,fling,clang
鼓起(勇气),summon,summons,summat,summer
无限,unlimited,suffering,to accept,many
探险队,expedition,exposition,random,frisbee
向北方,northward,southward,vagary,cast
论坛,forum,ford,for,form
假装,sham,scamp,whom,charm
打折扣卖,discount,dismount,chaperon,idleness
歹徒,gangster,canister,demon,reader
迷信,superstition,to support,be convinced,confidence
会见,interview,accompany,to welcome,to endorse
软弱,softness,not unwise,to loiter,firm
优等,choice,chick,chic,chore
习惯法,usage,sane,wage,sage
(古人的)名言,wisdom,window,widow,adverbial adjunct
利用太阳光的,solar,soar,polar,sober
新颖,novelty,novel,poverty,lovely
刺,sting,stringy,string,ring
崩溃,breakdown,success,to close down,fall through and stand exposed
一贯,uniformly,irrational,may,steady
可疑,shady,shake,shaky,soapy
缺席,default,fault,attend,to quit school
死亡,perish,persist,parish,garish
停止,terminate,terminal,germinate,termite
超越,surpass,surplus,be good for,insuperable
喂草,graze,gaze,game,grant
瘢痕,scar,scarf,sear,seat
驴,ass,pass,lass,mass
准则,criterion,regulations,rules,banquet
无限,infinitely,smallest,suffering,adopt
幻想,illusion,delusion,allusion,infusion
审慎,deliberate,delineate,liberate,sensitive
嘶嘶作声,hiss,piss,hash,his
降落伞,parachute,umbrella,fan,parachute
棱镜,prism,parish,pride,price
归纳推理,induction,infection,conduction,injunction
小心,cautious,captious,curious,caution
保险丝,fuse,cure,just,rush
政见,politics,politick,politic,political
事业心,enterprise,pensive,center,privacy
使(齿轮等)啮合,engage,enrage,engaged,encase
放大,magnify,dignify,signify,to adapt
轴,axis,anus,alms,amiss
使膨胀,swell,well,steal,swill
立法,legislation,to set up a separate kitchen,appoint,choose a site for the capital
序列,sequence,sentence,troposphere,delegation
边界,verge,merge,hedge,verb
相似,resemblance,similar to,as,contrary
压倒,overwhelm,be lower than,such as,too old
变少,lessen,lessee,lesson,vessel
从…中溢出,overflow,platitude,punch,mention
沉默,hush,gash,wish,gush
社会学,sociology,linguistics,economics ,astronomy
抽象,abstract,obstruct,attract,distract
服从,obedience,obedient,child welfare,to disobey
概述,outline,outlive,routine,outlying
造币厂,mint,mine,mire,mist
集(合),set,yet,diet,sit
开设,start,stark,shaft,salt
对分,halve,have,value,calve
理论上,ideally,adore,gunner,joule
偷听,overhear,overhead,overseer,overseas
恳求,implore,impose,explore,impure
无学,ignorance,ignorant,incapable,grand talents mature slowly
侵犯,violate,inviolate,dilate,village
离题,excursion,exclusion,incursion,expulsion
壁炉地面,hearth,hearten,heath,heat
追求,quest,queasy,oust,west
地区(性)的,geographical,core,visit,diameter
矮子,dwarf,ware,ward,war
斜坡,inclination,Mt. Wu, on the Changjiang River by the Three Gorges,Ulsan,Mt. Huang 
尊贵,dignity,dignify,indignity,digit
原型,prototype,accomplice,cartridge,repentance
紧凑,coherent,cohere,inherent,incoherent
系,tape,daze,pave,base
法兰绒,flannel,flange,channel,funnel
毗连,adjacent,to infiltrate,congestion,intimate
兽皮,hide,chide,pike,mike
毕业文凭,diploma,diplomacy,undo,duple
君主,monarch,march,monarchy,stockholder
大猩猩,gorilla,grille,grill,corolla
常去,haunt,aunt,hunt,stunt
凝视,peer,peek,pelt,lee
对射,correlation,jihad,keratin,niche
破坏(性)的,destructive,unfavorable,impassable,harmless
(液)体,body,woody,boat,bonny
对称,symmetrical,compatible,impracticable,right
电容器,capacitor,capacity,diode,television 
迷住,fascinate,habit,to be infatuated with,amazement
协调,collaborate,to be full of,narrow,symmetry
给…种牛痘,vaccinate,worldwide,pedantic,bellboy
女衬衫,blouse,house,blush,blonde
分馏的部分,fraction,traction,faction,friction
题词,heading,newspapers and periodicals,magazine,"Times" 
利用,utilization,to discriminate,to embezzle,differentiate
榨取,squeeze,sneeze,blackmail,hoard
学问,scholarship,multinomial,logarithm,square 
水的,watery,water,cater,lately
(禽鸟的)栖木,perch,torch,peach,pinch
逗乐,tease,cease,team,lease
老于世故,sophisticated,myopia,ignorant,be content with  superficial understanding
盛会,banquet,barque,parquet,bouquet
燃烧,blaze,blazer,blank,bloke
查定,assessment,conjugal,spill,baton
强大,mighty,might,lightly,almighty
努力,endeavor,by hook or by crook,jolly,haven't
背面,reverse,revenge,verse,revenue
形成对比,contrast,contralto,contract,contrary
其次,subsequently,emphasis,it doesn't matter,not to matter
花岗岩,granite,grant,grannie,granule
有利,advantageous,to exceed,impassable,to determine
香客,pilgrim,Buddhist monk,nun,master
信服,conviction,confection,convection,convention
裂痕,fracture,feature,rapture,grudge
考虑,ponder,powder,yonder,wander
低声地讲,whisper,whisker,whimper,wiper
苔藓,moss,fuss,boss,mop
干涉,intervene,intercede,interfere,publicly known
钦佩,admiration,aspiration,adoration,to show respect 
反应器,reactor,rector,actor,sector
故事,narration,variation,narrator,carnation
使(马等)缓步行进,jog,jot,mot,boy
傲慢,haughty,naught,naughty,draughty
有罪,guilt,gullet,gill,quiet
赋予,endow,tendon,widow,window
业余,amateur,more or less open,public,particularly
浪费,wasteful,tasteful,wakeful,wistful
印刷机,press,precis,dress,tress
珠宝,jewellery,jeweller,coral,bracelet
打火机,lighter,lighten,litter,fighter
威信,prestige,preside,vestige,presage
艰巨任务,challenge,yesterday,enthusiasm,surmount
振幅,amplitude,aptitude,air temperature,wavelength
铲,shovel,hovel,shiver,shove
有常识的,commonsense,area,fertilize,niggardly
提升,promotion,proportion,probation,promotor
转折点,crisis,crass,crisp,critic
移植,transplant,seed,to cultivate,to plant
随机,random,condom,ransom,special-purpose trip
咸猪肉,bacon,baton,ban,baron
(马)小跑,trot,rot,teat,loot
载明,specification,to spread out,statement,make a descriptive record 
零售,retail,detail,remain,retain
牙科医生,dentist,enlist,desist,detest
往,fro,do,fur,so
统计,statistics,statistic,arrangement,statistics
贯彻,implement,complement,inclement,to call together
连接物,attachment,detachment,attainment,aide-memoire
把…弄直,straighten,straiten,straight,pension
用钩连接,hook,look,horn,hock
飞机航线,vector,rector,debtor,nectar
地点,locality,localize,totality,legality
穆斯林(的),Moslem,effort,vision,rub
角状物,horn,horde,hook,pork
草似,grassy,glassy,grass,brassy
填补,fill,fillet,oil,silk
调查表,questionnaire,writing,schedule,school timetable
南极区,antarctic,arrange,revolver,graze
怀着,harbour,arbour,armour,ardour
正极,anode,above,angle,nod
结盟,alignment,nonalignment,retribution,become sworn brothers
广阔,spacious,rapacious,specious,capacious
神龛,shrine,throne,shine,shrink
升起,hoist,hint,poise,moist
探查,exploration,inquiry,inspect,investigate
占优势的,predominant,cayenne,hag,tenancy
天线,antenna,cable,mast,special-purpose phone line or communications link
仓库,warehouse,barn,city gate tower,power plant
孤独,desolate,deflate,decorate,detonate
(全体)一致的,unanimous,copy,emolument,plastic
类似,similarity,opposite,as,be just like
鼓吹,preach,breach,wreath,reach
短缺,shortage,shortwave,storage,hostage
迎合,cater,rather,taker,layer
逗留,linger,tinge,hinder,lodger
使紧凑,compact,compare,compass,comsat
负担,freight,fright,right,fraught
令人敬畏,dreadful,Negro,occasional,realm
重要(性),consequence,extradite,bother,degrade
圆屋顶,dome,dove,due,mime
伙伴关系,fellowship,gate,bypath,preclude
平民,civilian,civility,civilize,populace
电压,energize,sycophant,copy,naturalize
全球,global,globule,floral,local
标志,badge,bridge,budge,barge
司库,treasurer,treasure,treasury,comply
破产,bankrupt,bankruptcy,success,not exert oneself
商品,merchandise,member,hardware,general merchandise
用肘挤,elbow,low,mellow,blow
断言,affirm,affix,affair,infirm
风车,windmill,windfall,content,bold
束缚,bridle,bride,riddle,bridge
炎热,tropical,topical,tropic,typical
不稳定性,instability,merge,cloudy,dependent
(兴趣的)顶点,climax,climb,climate,wise
体格上,physically,physical,comedy,mediate
因为,inasmuch,instance,although,only when
(北美洲的)大牧场,ranch,latch,batch,match
鲁莽,rash,cash,bash,crash
能实行的,practicable,steward,money,piracy
楼厅,balcony,falcon,bacon,nominate
常规,routine,route,outline,pitiful
模糊不清,cloudy,cloud,aloud,clod
空间,spatial,statical,partial,special
在…上镀锌,zinc,wink,vino,dine
选民,constituent,guardian,position in the family hierarchy,member of the US House of Representatives
冷淬,chill,chime,chit,child
狭长的切口,slit,sir,slim,stint
守财奴,miser,miner,mine,diver
大而重的,massive,passive,missive,massage
做买卖,trade,trader,spade,erode
抚养,rear,near,hear,gear
通过,sift,lift,hit,dirt
先,priority,probity,spoonful,grenade
鼓动,agitation,aviation,capitation,animation
码头,wharf,war,chary,where
遗传,transmission,implicated,prevalent,tradition
使起皱纹,wrinkle,sprinkle,crinkle,trickle
(选定的)专门小组,panel,label,lane,cancel
使厌恶,repel,crepe,ravel,jewel
细菌,bacterium,antibody,bedbug,poisonous mushroom
击倒,flatten,fatten,flatter,platter
正式会见,audience,ambience,usage,weekday
苗圃,nursery,nurse,cursory,surgery
增进,further,feather,farther,father
辩论,reason,season,mason,treason
(语言、举止)粗俗的,gross,truss,cross,grow
通报者,herald,herd,emerald,heal
精通文学,literary,library,literacy,literally
光明,luminous,glutinous,mutinous,ominous
编制程序,program,programme,unfair,whisker
卑鄙的人,hound,starve,incentive,mindless
机灵,ingenuity,be smooth and slick ,book worship,wise and farsighted
所…,what,wad,vat,whit
愤慨,indignation,to take one's anger out on sb ,feel wronged and act rashly,offended
让步,concession,confession,conclusion,concussion
兴奋,flush,lush,flue,slush
大草原,prairie,praise,magnetic field,quarry
美丽,fair,laird,sir,hair
航海日志,log,rag,leg,lad
使羞愧,shame,shaver,stage,sham
词首,initial,initially,initiate,inimical
开…的锁,unlock,block,unload,flock
铁匠,blacksmith,locksmith,indentured laborer,electrician
驱逐,expel,lapel,excel,expert
斗争,wrestle,trestle,wrestler,nestle
发生,incidence,accidence,incident,emit
细小,petty,jetty,kitty,plenty
航空和宇宙航行空间,aerospace,airspace,pendium,beeline
亚洲,orient,friend,portent,ardent
得得声,clatter,chapter,platter,spatter
欢呼,applaud,applause,growl,howl
果核,stone,tone,intone,soon
应受赏(罚),merit,debit,melt,grit
杂质,impurity,purity,impunity,immunity
理解力,perception,exception,reception,perfection
损坏…的形状,deform,form,deport,inform
看法,theory,theorem,there,cherry
不支薪水,unpaid,edge,forlorn,payable
不透气的,stuffy,stuff,sturdy,stiff
使丰富,enrich,entice,rich,seal
继承(权),succession,successor,successive,accession
违犯,violation,lit.: slap the table and shout with praise,unconstitutional,to complement
家禽,poultry,sultry,paltry,poetry
改革,innovation,intonation,invocation,poison
尽管,notwithstanding,cannot bear,owing to,merely
强壮,masculine,powerless,young,male and female
喷(烟等),puff,cuff,bluff,pus
委员,delegate,delete,relegate,elevate
认识到,awake,awaken,aware,snake
搞阴谋,scheme,schema,scene,chime
在…外,outside,outlive,outsider,upside
难民,refugee,refuge,refute,refuse
元音,vowel,bowel,model,howl
余数,remainder,reminder,journey,space
缩小,shorten,shortly,smarten,sharpen
反射(声音等),echo,chop,ache,each
聪明,apt,ant,set,bps
电压,pressure,reassure,pleasure,pressurize
使显出特色,distinguish,prosperity,emblematic,bonkers
汽笛,siren,ripen,seven,mien
屈从,resignation,mediate ,become reconciled,tame
邻近,neighbouring,block the traffic,to depart,block up and intercept
因为,through,trough,thorough,though
转递,forward,foreword,coward,forewarn
难以置信,incredible,credible,serious,confident
露指手套,mitten,moisten,listen,litter
分裂生殖,fission,mission,fashion,session
残暴,tyranny,granny,tyrant,sin
切下的部分,section,seduction,station,unction
使停泊,moor,moose,motor,mar
长度,linear,miner,lineal,lineage
热望,ambitious,ambiguous,ambition,ready
蒙昧,obscure,obscene,omniscient,poor
失业人数,unemployment,wretch,prop,silo
预算,budget,nudge,bullet,nugget
手推车,trolley,roller,volley,bicycle
极好,gorgeous,cucumber,legacy,chicanery
柏油,tar,ear,harp,tan
剩余,residual,inadequate,enough,extract
举例证明(解释),exemplify,exemplary,guesthouse,pair
贪婪狡猾的人,shark,shade,shank,smart
期刊,periodical,periodic,fortnightly,supplement
现实,realistic,abstract,strict,easy
近路,shortcut,difficult path,road,midway
码头,pier,pint,pliers,tier
半球,hemisphere,parish,volume,northern side
消沉,depression,impression,repression,oppression
发动,motive,call out,to give notice,recall
地质学,geology,biology,ecology,eulogy
参军,enroll,knoll,scroll,enrol
打喷嚏,sneeze,snooze,sleeve,wheeze
生态学,ecology,apology,economy,biology
普遍,currently,current,currency,balance
少年,youngster,senior,childhood,adult
词汇表,vocabulary,postcard,swordfish,juvenile
一块排骨,chop,who,prop,crop
使变厚(或粗、密),thicken,thicket,ticket,ticker
(理想等的)实现,realization,barge,velvet,tedium
继承人,successor,succession,success,people
确定,positively,negative,schedule in advance,ruling
使遵守,conform,concord,confirm,comfort
压紧,compression,pay retroactively,buy one's ticket after the normal time,to cut staff
分散(心思),distract,district,abstract,distrust
领先,precede,precept,secede,recede
消散,dissipate,emit,to destroy ,derivative
合唱,chorus,crocus,corps,chore
永久移居国外,emigrate,migrate,immigrate,emigrant
摸起来,feel,fete,beer,reel
用力拖,tug,lug,ten,chug
惬意,agreeable,abandoned idea,conspire,man will cry out  against injustice
退化,degradation,to take a wrong step in life,to put into practice,progress step by step
把…制成表,tabulate,tabular,adulate,room
补充,complement,compliment,competent,implement
无机,inorganic,organic,space flight,exercise
海滨(胜地),seaside,aside,beside,reside
步行,tramp,rap,trample,cramp
去世不久,late,lake,lithe,vat
一致,concert,convert,concerto,cancer
焦炭,coke,fake,yoke,puke
航空,aerial,serial,burial,axial
程度,length,lengthy,tenth,zenith
底稿,manuscript,lengthy ,script,final version or text
(收费)供…膳食,board,boar,bold,hoard
仿制品,imitation,imputation,limitation,imitative
楼梯,stairway,airway,corridor,the Long Corridor at Yi He Yuan
甜点心,dessert,desert,dresser,deserts
断言,assert,asset,assent,assist
悬于…之上,overhang,overland,overhaul,tinge
繁殖,multiplication,lay ,wild,alive
质子,proton,prolong,prison,piston
有孔小珠,bead,beach,seed,red
速决,summary,summer,summat,stage a comeback
发觉者,detector,director,detect,detection
誓约,oath,math,bath,earth
询问,question,to participate ,to sound out,to deny 
渴望,longing,anticipate,to await,unexpectedly
逃走,flee,free,fare,fine
要旨,message,massage,passage,handle
猛投,hurl,furl,curt,hall
排水,drainage,advocate,army and government,banking
聚会,gathering,leave without saying good-bye,to shake hands,to bind
(使)移居入境,immigrate,migrate,immigrant,emigrate
通知,advertise,adverse,give the correct time,advise
基本,elemental,element,elementary,secondly
一致,evenly,the same year,at the same time,be precisely the same
开始,inaugurate,inaccurate,inaugural,to start out
超等,superb,suburb,supper,super
讨厌,frightful,rightful,love and hate,patriotic
与…交搭,overlap,overload,overland,overpay
嘲弄,ridicule,force ,to make fun of,order about
调节,regulate,peculate,regular,relate
游艇,yacht,each,facet,tacit
百分富翁,millionaire,beggar,widow,orphan
精细,finely,lively,field,lonely
远古,primitive,modern times,dynasty,medieval
奋斗,strive,stride,trice,strike
香的,fragrant,flagrant,vagrant,fragment
总局,headquarters,bookstore,shop,dairy farm
甜蜜,sweetness,public security,to make more mild,miserable
运算,operation,operative,iteration,oration
威严,awful,lawful,annul,artful
联姻,allied,alien,pallid,alley
专题讨论会,workshop,bookshop,worship,reciprocal
传播,emission,remission,omission,mission
公告,bulletin,bullet,talk,copybook 
(计算机的)软件,software,niche,bypath,June
语调,intonation,invocation,innovation,intention
循环,circulation,to inherit,armistice,develop simultaneously
社论,editorial,to excerpt,eight -part essay,lament
郡长,sheriff,snowflake,joggle,journal
风趣,witty,kitty,wilt,fifty
使对证,confront,confine,college,furnace
小册子,pamphlet,encyclopedia,compilation,dictionary
耐久力,endurance,insurance,entrance,inspector
(使)变紧,tighten,heighten,lighten,lighter
花炮,firework,foreword,timework,fireworks
愚蠢,senseless,unequivocal,muddled,dare not go one step beyond the prescribed limit
(日,eclipse,ellipse,elapse,summer
狂暴,furious,curious,serious,various
溅泼,splash,slash,lash,smash
不漏水的,watertight,scruple,narrowly and luckily escape,so as not to
戏剧性事件,drama,tramp,cram,ramp
合成,composite,compote,compost,composure
制止,refrain,retain,refract,restrain
黄蜂,wasp,waist,zap,wan
打鼾,snore,ashore,store,smoke
确信,certainty,certainly,certain,jealousy
外国,alien,akin,lie,malign
砂跞,gravel,travel,navel,grovel
拧,wring,wrong,wing,grind
歪曲,twist,foist,twice,wilt
飞机库,garage,rage,grace,graze
拒绝相信,denial,deal,genial,venial
打(铁等),forge,forgo,gorse,foe
无能力的,incapable,capable,trust,billboard
修女,nun,ten,gnu,bun
在…上打烙印,brand,brandy,prank,broad
摔坏,crash,cash,crass,crack
摘要,extraction,attraction,traction,exaction
离子,ion,iron,nor,ill
使成熟,mature,manure,mate,measure
胸口,wind,wink,grind,hind
姜,ginger,longer,linger,finger
当中,between,ordinary,very difficult ,inferior
巴掌,slap,slot,solar,gap
瞬息间的,momentary,commentary,monetary,adult
懦怯,coward,hoard,towards,award
会诊,clinic,clinical,clinch,clink
生硬,stiff,staff,stuffy,swift
旁通管,bypass,pass,bass,bypath
迎接,salute,dilute,palate,saute
支票,check,crack,chick,cheek
高尚,lofty,loft,loath,hefty
制止,restrain,strain,restraint,refrain
专利,patent,pant,latent,extent
可怕,monstrous,touching,lacking,hateful
领事,consul,concur,consult,consume
秘密,confidential,magical mystical,official,general
冒…的险,gamble,sable,garble,dabble
新郎,bridegroom,attendant of the bride or bridegroom at a wedding,male friend,bride
适当,fitness,witness,finesse,firmness
阿谀,flatter,fetter,flatten,latter
大规模地,largely,albatross,grandson,foliage
旧的,second-hand,able,inhumanity,half
无穷大,infinity,infinite,infirmity,affinity
粉饰,whitewash,hide behind,take the blame,keep secret
斜纹布,jean,heal,pan,dean
发出格格声,rattle,formality,plumage,retention
女侍者,waitress,mattress,actress,witness
反对命题,contrary,contract,contrast,honorary
传达,convey,monkey,confer,convoy
柔软,velvet,valve,helmet,valet
抽样,specimen,species,specie,select and adopt
给…施洗礼,immerse,inverse,immense,beneficent
无数,innumerable,can't tell how many there are - there are numerous similar cases,respectively,there is no lack of
代数学,algebra,military science,subject,physics
戳穿,pierce,fierce,piece,pieces
南瓜,pumpkin,bumpkin,tomato,soy bean
招待,entertainment,pending,banishment,mistreatment
贫瘠,barren,marten,barred,barrel
总经理,executive,execute,elective,execution
(时间)过去,elapse,lapse,ellipse,relapse
视力,vision,revision,pinion,evasion
混合者,mixer,rider,maker,mix
拧,wrench,trench,French,wreck
白种(人)的,white,whiten,shire,rite
跳舞,hop,mot,mop,how
喧嚣,uproar,roar,uproot,bustling with noise and excitement
提倡者,champion,yours,rump,ingredient
报告…的来到,announce,announcer,denounce,renounce
竞争,contend,convene,content,commend
为…编目录,catalogue,analogue,purvey,wedge
明显,sensible,ostensible,insensible,feasible
处罚,penalty,realty,penal,commend
强迫,compulsory,dun,to menace,manage  with difficulty
(新)时代,epoch,porch,each,etch
明确,decidedly,state in writing,fitting,unknown
敞蓬车厢,waggon,maggot,jargon,waggle
晚辈,junior,juror,union,janitor
收益,earnings,earring,loss,penalty
足够,suffice,office,surface,suffuse
(使劲)推,shove,store,chore,hover
猛攻,storm,story,stern,stormy
认为,deem,seem,beam,seam
蜗牛,snail,snarl,entail,sail
性格,makeup,tyrannical,body,senior
(新)住宅区,settlement,battlement,horsewhip,webbing
形势,position,volition,petition,portion
鲸,whale,wall,hall,whole
(讲话时等)做手势,gesture,feature,venture,posture
可调整的,adjustable,artisan,shortly,dependence
比拟,analogy,anatomy,analogue,apology
显然,distinctly,unofficial,vague,not to be divulged
变戏法的人,magician,musician,thankless,forgery
生产,productive,protective,production,delivery
冲洗,rinse,rile,rise,raise
扎疼,smart,start,smear,cart
禁止,prohibition,visa,to affix a seal ,to permit
喋喋不休,chatter,shatter,cater,tatter
心理学,psychology,military science,anatomy,statistics
词干,theme,those,there,these
附录,appendix,append,appendix,ins and outs
流量,flux,flit,flay,flax
回收,reclaim,declaim,claim,acclaim
阻碍,hamper,sapper,hammer,bumper
陛下,majesty,modesty,contractor,tyrant
坚决,resolute,desolate,absolute,resolve
定期存款,fixture,future,mixture,fissure
迷路,stray,spray,spry,story
征候,symptom,omen,opinion,phenomenon
演说,discourse,discourage,disburse,murmur
天主教的,Catholic,frost,fade,original
不足之数,deficiency,deficient,efficiency,iota
平常,trivial,rival,trial,difficulty
性情温和,pacific,specific,pacifist,pacify
在那里,therein,stet,behalf,scoop
拉长,prolong,proton,lift overhead with both hands,flap
乳白色,ivory,very,every,story
词干,stem,ahem,team,she
大屠杀,massacre,massage,to murder,assail  with obscenities
无畏,fearless,heartless,feckless,withdraw
遵守,abide,aide,amid,bide
到场,attendance,attendant,to quit school,deoxidation
前辈,predecessor,guardian,body,senator
翱翔,tower,towel,power,tow
繁殖,propagate,grow,breeding,lay 
在…漫步,roam,mom,jam,road
报告,notify,notary,noisy,notion
共计,number,lumber,encumber,bumper
容忍,tolerant,tolerate,tolerance,can't help
架桥于,bridge,bride,fridge,ridge
巩固,consolidate,to bring forward,ups and downs,settled
注定,doom,look,droop,rook
参量,parameter,perimeter,barometer,plural
坚定,stability,liability,ability,stabilize
竖起,erect,evict,exert,eject
不定,uncertain,certain,ascertain,entertain
位于…的,situated,unscrew,hobo,creature
银行家,banker,wander,tanker,hanker
踏,tread,treat,plead,team
灌木,shrub,scrub,snub,throb
问候,compliment,complement,compliant,remit
垂直(线),perpendicular,dioxide,recover,stigma
秩序,cosmos,common,cosmic,disadvantaged
粘滞,viscous,educational,suitability,importance
(使)蹲下,squat,spurt,squint,squad
使湿透,shower,smoker,cower,sheer
吉他,guitar,suitor,gutter,fiddle
免职,deposition,depositor,position,exposition
发电机,dynamo,dynamic,steamer,engine 
障碍,hindrance,restrict,ember,screen
机能上的,dynamical,sundial,abstemious,cicada
作为结果而发生的,resultant,reluctant,resistant,sleeve
攀登,ascend,spend,send,ascent
通货膨胀,inflation,deflation,isolation,insulation
挫败,frustrate,not do one's best,slump,to go bankrupt
恶棍,rascal,radical,casual,fiscal
证实,testify,testy,justify,mystify
订购,subscribe,subscriber,mail order,subscription
否决权,veto,into,alto,vex
蝗虫,grasshopper,fiery dragon,spider,butterfly
消灭,extinguish,quench,quick decision,surmount
嘲弄,mock,smock,lick,muck
饵,bait,bail,art,maid
构成,composition,connected by air, sea traffic or service,be antagonistic to,cut off 
今后,henceforth,a while,last time,a few days ago
审查,censor,mentor,censer,tenor
普通,plain,plant,explain,plate
高原,plateau,plateful,plate,rivulet
标定,calibration,size,sensitivity,longitude
便于使用,handy,caddy,hands,hand
滚筒,roller,caller,howler,collar
属于,reside,residue,beside,inside
浓缩,concentrate,to increase,compression,soak
灾祸,misfortune,scourge,luck with the opposite sex,blessed
转(力)矩,torque,true,tongue,torture
校订,edit,debit,dig,exit
废物,litter,fitter,twitter,titter
暖气片,radiator,radiation,radiate,iron panel
体现,embody,nobody,body,ebony
教义,doctrine,righteous,truth,physical
(重新)集合,rally,sully,ray,valley
等面(体)积的,equivalent,galaxy,serene,clean
忘掉,dismiss,discuss,conscious,to remember
秘密,confidence,confident,confluence,conference
绷带,bandage,bondage,mandate,barrage
瓦(特),watt,what,wasp,cast
顺便提及,incidentally,tide,grannie,explode
分开,partition,petition,fall apart,to unite
鼓舞,inspiration,obstruct,spoil things through excessive enthusiasm,to show
结石,calculus,white diarrhea,measles,pestilence
势利,snobbish,moderate ,to revolt,fierce
立方体的,cubic,rubric,cabin,cubicle
镍,nickel,bicker,niche,sicken
推进,propel,proper,prove,repel
(桥墩间的)墩距,span,leaky,rusk,solicit
有吸引力的人(或物),magnet,magneto,magnate,market
工具,lever,ledger,severe,never
引燃,ignite,innate,incite,finite
志愿者,volunteer,cause someone to,clown,cavalier
藤,vine,line,bike,brine
规章,regulation,relation,revelation,reputation
芥子,mustard,custard,dastard,bastard
(声音)嘶哑的,hoarse,horse,hearse,coarse
向南方,southwards,outwards,southward,uproot
百合花,lily,wily,ugly,lilt
输入,input,inert,nut,inept
猛咬,snap,slap,swap,snag
过剩,surplus,surpass,innumerable,inestimable
耻辱,disgrace,displace,distract,result
凤梨,pineapple,grape,coconut,strawberry
赋闲无事,idleness,illness,eject,persevere
妨碍,drawback,blockage,to express,excited
对…不满,resent,repent,recent,repeat
辛酸,bitterness,bemoan the state of the universe and pity the fate of mankind,worry,sullen
职业,vocation,location,avocation,oration
门槛,threshold,formalities,witchcraft,number of people
行使,wield,will,yield,pied
松松,loosely,negligence,feel unsure about something,fascinate
疾病,complaint,compliant,complain,group photo
要塞,fort,flirt,sort,forty
趟(河),wade,jade,wasp,rake
殖民地居民,colonist,columnist,colonial,soloist
(女)上衣,frock,sock,flock,lock
两栖动物,reptile,repine,fertile,revile
邮政,postal,postman,portal,hostel
使恐怖,terrify,certify,petrify,testify
(酒)烈性的,hard,lark,hold,land
委托状,commission,omission,compassion,revolution
复制品,duplicate,supplicate,explicate,duplicator
契据,charter,starter,chatter,chapter
甲虫,beetle,bustle,nettle,kettle
折叶,hinge,bilge,hunger,hive
漂白,bleach,blench,beach,breach
定性,qualitative,nightmare,to interest,to see in a dream
常去,visit,fist,limit,vigil
留下足迹,track,tuck,hack,tack
胡桃,walnut,want,wallet,grape
表示…的特性,characterize,reiterate,colonist,raincoat
创造者,author,anchor,actor,tutor
干巴巴的,dry,try,dig,dirk
千瓦(特),kilowatt,core,fatten,beneficent
手,duke,dupe,rake,daze
迁移,migrate,emigrate,grate,pirate
摇篮,cradle,treadle,coddle,cable
专席,box,boll,bog,cop
诽谤,slander,squander,slender,meander
粗俗,vulgar,sugar,nobly,to value
假定,assumption,all,only,apparently
(使)激动,thrill,trill,krill,shrill
使成冰,ice,vie,ace,nice
包括,embrace,membrane,umbrage,brace
坦率,straightforward,honest and sincere,honorable,to allay
把…归于,ascribe,describe,inscribe,astride
放宽,broaden,brazen,broad,brocade
速记,shorthand,to extract,dictation,handwriting
实际上的,virtual,viral,visual,virtue
写在下方,subscript,piece,turret,suspect
适合卫生,wholesome,wholesale,stalwart,decode
紧地,tightly,deep,coarse,surging forward with great momentum
紫外,ultraviolet,sun,fluorescence,moonlight
合作社,cooperative,chicken farm,dairy farm,semicolon
支配,dominate,nominate,donate,dominance
代理人,deputy,depth,depute,deploy
参照系,reference,reverence,deference,preference
渗透,penetration,license ,traffic jam,to separate
商人,tradesman,talesman,tribesman,guest
警告,caution,caption,auction,nation
拥护,advocate,advocacy,allocate,farewell
累赘,troublesome,trivial,roughly,many
软片,cartridge,carriage,to copy,camera bellows
绷着脸不高兴的,sullen,sublet,seller,bullet
曲解,distort,discord,disturb,distant
灵活,flexible,legible,inflexible,terse and forceful
诉讼委托人,client,aliment,orient,cent
果园,orchard,flower garden,vegetable field,Taoyuan 
土星,Saturn,planet,meteor,companion 
气动,pneumatic,undercut,tumbler,yacht
危及,endanger,danger,peaceful and carefree,difficult
生命,vital,vista,fatal,veal
几何学的,geometrical,cone,lunch,box
(人)摔下,spill,spell,shall,spiral
短评,observation,local flavor,prejudice,idea
微光,gleam,glum,clam,flea
薄片,chip,whip,chap,coil
黄纬,latitude,platitude,lassitude,altitude
对付,deal,weal,peal,wean
愉快,satisfaction,to the satisfaction of everyone,mournful,kneel
石墨,graphite,graphic,granite,pencil lead
在岸上,ashore,shoe,store,shore
决定性的,decisive,derisive,deceive,decision
极端不同的性质,extreme,excrete,microfilm,congenial
栗子,chestnut,honey peach,young melon,ginkgo
(使)成团,lump,gum,rump,bump
使隶属,subject,sublet,object,subvert
竞争者,competitor,compositor,neighbor,a stranger
格言,proverb,prove,proper,norm
得意洋洋,triumphant,triumphal,mournful,fall on one's knees
用纸包装(或覆盖),paper,pauper,pave,pate
精选的东西,selection,election,detection,selector
首创,originate,original,to run a newspaper,original creation
整的,integral,interval,internal,integrate
传播,propagation,to mix,rumor,popular
尖声地叫,shrill,serial,skill,chill
包括,inclusive,illusive,incisive,conclusive
模棱两可,ambiguous,ambitious,faint,unofficial
独裁者,dictator,dictate,dictation,clown
乐观,optimism,optimist,optimum,filial piety
第一步,initiative,initiate,imitative,spool
指示,indicative,inductive,indicate,indication
攫取,grab,grit,drag,rap
巡逻,patrol,parrot,patron,petrol
壕沟,trench,French,branch,teach
困惑,perplex,purple,people,to fool
微不足道,negligible,eligible,indispensable,unimportant
组件,module,mobile,muddle,mole
讲道,sermon,semen,seaman,demon
家庭,homely,namely,comely,comedy
把…赠与,bestow,bellow,below,bestrew
着重,underline,undermine,underling,underpin
论题,thesis,theirs,chess,these
存在但看不见的,latent,talent,blatant,patent
(交通违章)罚款传票,ticket,bicker,ticker,wicket
繁殖,reproduction,wild,breeding,to survive
吸入,intake,invade,intone,vintage
大主教,metropolitan,churchman,bishop,pope
下级,subordinate,member,team member,boss
反应式,equation,equator,elation,education
财产,estate,stake,stage,spate
概括出,generalize,generality,centralize,dive
珍爱,cherish,perish,churlish,chemist
不足,scarcity,scarcely,deficit,not enough
变压,transform,transfer,transport,excusable
报仇,vengeance,a tooth for a tooth ,corrode,rusty
年年,annually,last year,the year before last,elderly
看出,discern,discord,cistern,discard
化石,fossil,gossip,foil,slate
王族,royalty,loyalty,realty,royal
保留,reservation,hoard,collection,to look for an opportunity
为…辩护,plead,please,lean,pleat
照明,illuminate,illumine,scattering,perilous situation
有策略的,diplomatic,hutch,link,speed
发起,raise,praise,false,raze
能伸长的,tensile,utensil,sensible,tense
天文学,astronomy,autonomy,gastronomy,astrology
发泄(感情等)的方法,outlet,cutlet,outlay,outset
着火,kindle,riddle,fiddle,kindly
使熟练,perfect,prefect,percent,defect
早应该,ought,night,oust,nought
褴褛,shabby,stubby,hubby,flabby
极度,summit,submit,summon,commit
(谋职者的)个人简历,resume,assume,result,presume
椭圆,elliptical,elliptic,flat,all
综合,overall,overawe,overact,overhaul
骨骼,skeleton,skull,man of character,lash
博爱,humanitarian,love and hate,spoil ,patriotism
口吃地说,stammer,shimmer,starter,steamer
节约,economically,to squander,extract,enough
阻塞,block,cluck,clock,look
悲痛,woe,awfully,miserable,gloomy
代表,representation,omen,it could even be said,so-called
辅助,subsidiary,express sympathy, greetings, consolation, etc.,subsidy,sell 
解释,interpret,internet,quote,postscript
侍者,attendant,ascendant,attendance,gentleman
责任,liability,stability,ability,inheritance
大麦,barley,galley,barter,alley
矮胖,stout,stock,shoot,soot
碰撞声,clash,clap,slush,lass
滑翔导弹,glider,rider,cider,elder
使绝缘,insulate,isolate,inflate,insult
电极,electrode,electron,magnitude,strength
管弦乐队的全部乐器,orchestra,orchestral,consignee,receiver
女子气的,feminine,feminism,feminist,oddity
筛孔,mesh,flesh,rash,mess
炭,charcoal,makeshift,atypical,week
围攻,siege,singe,silage,singer
兵器群,battery,batter,better,artery
贿赂,corrupt,correct,accept bribes,corruption
有保存力,conservative,narrowly and luckily escape,waterproof,contraception
(色彩的)浓淡,shade,phase,fade,spare
气压计,barometer,parameter,barometer,compass
董事会,directory,director,member of standing committee,information agency
感叹,exclamation,stun,silence,sigh
慷慨,generosity,generality,generous,forcefully
分解,analytic,analysis,analytical,paralytic
盛行,prevalent,prevalence,prevent,rumor
爵士,knight,night,eight,bright
著名的,notable,notably,mutable,movable
制度,regime,regimen,retire,recite
微妙,subtle,sable,supple,suckle
爬行,scramble,ramble,scribble,shamble
军号,bugle,bustle,bungle,bulge
中伤,assassinate,argument,to smear,tease
(进行)威胁,menace,manage,senate,hence
彼此协调,suit,oust,wait,skin
保证,assurance,insurance,life insurance,finally
商品,commodity,community,software,enclosure
掌握,clutch,cloth,catch,crutch
发票,invoice,invite,involve,voice
外壳,hull,hall,hurl,bell
限定,qualify,quality,nullify,quantify
处女,virgin,margin,pidgin,violin
不管,disregard,whether,extremely,as a result
仿造,reproduce,produce,collect and process,to have something made to order
诚实,integrity,integrate,cunning,false
纪录,documentary,poem,diary,communications
螺帽,nut,nap,newt,dud
横轴,transverse,traverse,blitz,scrawl
蹒跚,stagger,swagger,stage,dagger
贴近,adjoin,adorn,adroit,join
揭示,reveal,reversal,revel,revere
制作,fabricate,abdicate,lubricate,brew
卷曲,curly,carry,curry,curl
香草,herb,here,hers,hemp
(相机)快门,shutter,stutter,shatter,shudder
知觉,consciousness,remote sensing,inspiration,to loathe
灌溉,irrigation,irritation,winter irrigation,open up
伊斯兰教,Islam,slam,slum,seam
唯心主义,idealism,idealize,idealist,realism
审慎,deliberately,smooth and steady,sensitive,intimate
快餐,snack,sneak,sack,knack
猜想,infer,insert,inferno,inner
器皿,utensil,tensile,stencil,ware
提前,beforehand,forehand,go down in price,with a wavy motion 
绰号,nickname,what is your name,another name,pen name
(大学)院长,dean,deaf,den,neap
使互相联系,interconnect,eulogy,solecism,winch
使混合,mingle,single,mantle,angle
蒜,garlic,parsley,onion,spinach
大错,blunder,plunder,founder,bunker
贵重物品,valuable,invaluable,variable,voluble
低微,insignificant,not to be found in the classics - not authoritative,precious,upper class
强壮,hardy,lard,bawdy,narky
热诚,devotion,emotion,deviation,devolution
冲压,punch,hunch,lurch,ounce
推理,rational,national,optional,atonal
改进,mend,tend,meek,maid
牛排,steak,speak,tear,sneak
电容,capacitance,to hold,accommodate,to involve
小新闻,paragraph,deduce,balcony,barge
势利小人,snob,rob,knob,nor
官僚机构,bureaucracy,lionize,arraign,moat
处方,recipe,recite,retire,regime
重要人物,anybody,nobody,antibody,trap
管乐器,pipe,pike,pate,lope
幅度,margin,jargon,marginal,bargain
佛教,Buddhism,defeat,religion,Christian
电传,telex,tell,teller,relax
(挨户兜售的)小贩,pedlar,polar,pear,poplar
网络,network,outwork,net ,to drain
自杀,suicide,subside,hasten home for the funeral of a parent or grandparent,visit
庇护人,patron,citron,matron,patrol
注意,watchful,lenient,careful,misgivings
微信息处理机,microprocessor,weekly,actuality,gaseous
类似,likeness,lifeless,inequality,not less than
认出,identification,supervise and urge,roll call,commentary
人物,personality,per person,forefinger,mankind
鲑,salmon,eel,flounder,shark
聚合物,polymer,prey,protoplasm,organism
嗅,sniff,cliff,stiff,snuff
夸张,enhance,chance,entrance,check
贴砖,tile,tie,till,tit
严厉,harsh,hash,harass,harp
永久,everlasting,a world of ice and snow,many years,of very short duration
常见,frequent,request,frequency,equilibrium
芭蕾舞,ballet,wallet,gullet,ballot
物质,substantial,mama,guest,guy
香料,spice,pie,speck,spin
墩布,mop,dog,mum,mope
严厉,drastic,frantic,dramatic,plastic
调停,reconcile,recondite,to prepare,to tidy up
城郊小屋,villa,viola,till,bill
缩写,abbreviation,abbreviation,lift overhead with both hands,flap
特发,essential,clement,jealous,coastguard
施恩惠于,oblige,online,beige,obligate
漫画,cartoon,carbon,croon,carton
商船,trader,trade,taker,tender
不幸,wretched,wretch,out of the frying pan into the fire,luckily
亚铁,ferrous,fervour,serious,ferris
睡椅,couch,touch,coach,pouch
可怜,pathetic,esthetic,athletic,to share
方位,bearing,when,trend,trend
未婚男子,bachelor,prod,arsenal,endear
用静电复印,xerox,zero,hero,heron
(比赛等中)对,versus,verse,census,Jesus
用具,tackle,tickle,shackle,cackle
侵犯,disturbance,bewitch,corrode,rusty
伤害,hurt,hurl,just,heat
耸(肩),shrug,shrub,shroud,syrup
使眼色,wink,wiry,win,wing
数据,datum,dam,drum,atom
烈士,martyr,barter,marry,marker
(使)旋转,revolve,revolver,revolt,revile
闲谈,gossip,fossil,to spread out,speech
蒲式耳(容量单位),bushel,bushy,bush,usher
预报,prediction,reduction,production,report  to the police
有尽,finite,ignite,infinite,minute
字面,literal,liberal,lateral,literally
感情,sentiment,sentient,sediment,good opinion
瓷,porcelain,plastic,shatterproof or safety glass,white pottery 
机灵,ingenious,ingenuous,muddled,to have good eyes
显微镜的,microscopic,observation,to distinguish,to discern
提纯,purify,purity,putrefy,purely
效用,avail,avoid,vain,flail
参观者,spectator,a member of the same clan,passenger,tourist
凿空,hollow,pillow,follow,callow
起拆理由,count,mount,court,county
有关,pertinent,permanent,by the time when ,compare
(使)偏斜,deflect,reflect,effect,defect
独占,monopoly,monopsony,gather,to monitor
发散蒸气,evaporate,elaborate,cuttlefish,microphone
不可避免,inevitably,necessity,suddenly,vouch for
觉醒,disillusion,not be fond of certain food,be accustomed or used to,to astonish
光电,photoelectric,electromagnetic,opto-electrical,a figure viewed from behind
刺(穿),prick,prima,price,brick
偷偷地做,steal,steel,stew,seal
矩形,rectangle,entangle,arch,rise steeply
力学,mechanics,mechanic,mechanism,mechanical
坚持,insistent,consistent,estimate,to think over
表面,superficial,the surface of the river,cornerstone,delegation
齿轮,gear,mean,glean,pear
自负,conceit,concept,concert,connect
少女,maid,gad,mid,band
经线,longitude,tropical,the northern hemisphere,east longitude
上下文,context,convent,contest,content
敬神,divine,ravine,vine,define
资格,qualification,member of the US House of Representatives,senator,nationality
河虾,shrimp,shriek,shrink,strip
收受者,receiver,received,receive,deceive
非常,extraordinarily,unlimited,receive commands,to share
变长,lengthen,lengthy,length,populate
流放,exile,bile,exude,file
表明,manifest,manifesto,omen,it can clearly be seen
贡物,tribute,attribute,tribune,trite
擦洗,scrub,screw,shrug,shrub
硅(旧名矽),silicon,republic,quid,mope
推荐,commend,comment,common,command
歧视,discrimination,non-participant,take into account,not mind
粘贴簿,album,glum,plum,alarm
螺旋桨,propeller,helm,oar,wheel
竞争,competitive,scold,scold,damn
吸收,absorption,absolution,abortion,grant
灾难性的,disastrous,ripple,spike,lily
推进,propulsion,profusion,repulsion,put an end to
状况,way,clay,wad,nay
纪念品,souvenir,remnant,mammal,prize
宅第,mansion,pension,mention,tension
转动曲柄,crank,clack,cranky,craft
同类,homogeneous,bird species,provincial level ,primary
冷酷无情,grim,rim,grimy,grab
把…称作,entitle,entice,entity,entire
忙乱,fuss,fussy,fast,puss
使聋,deafen,dealer,heaven,leaven
臀部,hip,sin,kin,mid
边缘,fringe,cringe,twinge,brine
发光,beam,bear,near,heal
地窖,basement,casement,pavement,classroom
阵风,gust,rust,tuft,gush
承受,support,supporter,supper,sport
成群,herd,head,her,era
显著,striking,unofficial,vague,indistinct
规范,formal,mortal,normal,former
最适条件,optimum,optimism,private,moderation
附加物,extra,extort,extract,exert
过分,excessively,more than,to move forward a single step,as much as possible
加高,heighten,tighten,brighten,lighten
咕哝,grunt,glut,gaunt,grant
确定,ascertain,uncertain,certain,appertain
棒球运动,baseball,basketball,vet,parry
外流,flight,fright,bright,eight
脆的,fragile,frail,facile,agile
国内,inland,island,land,inward
(思想等)归向,polarity,disappear,parochial,disappoint
蟹,crab,pram,crank,crap
造船(业),shipbuilding,dogmatism,exquisite,flagstaff
港口,seaport,teapot,support,deport
教令,decree,degree,decide,secrete
拖运,haul,hay,jail,fall
常住者,resident,evident,reticent,president
损坏,deformation,to smash,peel off,collapse
财产,substance,oil  price,net,list price
捏造,fabrication,faking a modern object as an ancient one,parade one's wealth,provoke
电子管,valve,vile,salvo,valise
变松,loosen,loose,woolen,lessen
内部,interior,anterior,interim,inferior
石灰石,limestone,milestone,lodestone,dolomite
精华,essence,absence,ember,goose feather
适度,moderately,moderate,to fit well ,duty
方向,orientation,foregone conclusion,balance of power,bull
大小,magnitude,horsepower,extremely,tripartite balance of forces
无情,ruthless,take on action,peace,literal: to like the new, and hate the old
清真寺,mosque,torque,steamer,mosque
氧化,oxidize,oxide,to maximize,to become
克分子的,molecular,freshen,routine,wire
细浪,ripple,tipple,nipple,apple
炮弹,shell,chill,swell,sheer
情妇,mistress,distress,mistrust,stress
使顺从,resign,deign,design,reign
可能(性),likelihood,livelihood,trigger,oblique
黎明,twilight,Mother's Day,vacation,Christmas
反驳,retort,resort,deport,report
枷锁,yoke,mope,doe,dike
歌曲,melody,malady,felony,melon
范围,province,provide,prince,limit to
阻止,prevention,pretension,preventive,retention
倾斜,gradient,radiant,to squirm,nestle
爱好奢侈,luxurious,lugubrious,vanity,culture
咧着嘴笑,grin,sin,rig,spin
剪,clip,slip,clap,tulip
合乎体统,proper,probe,propel,poker
织布工,weaver,leaven,waver,weave
陶器,earthenware,radar,transformer,router
懈怠,slack,lark,lack,clack
仿造,pattern,platter,potter,spatter
微光,taper,tap,caper,take
周年纪念日,anniversary,redress,slumber,swoon
探针,probe,prove,prune,prose
覆盖,cloak,flock,lock,clay
装罐头,can,bag,tap,ray
车轴,axle,axe,all,ace
市价,currency,currently,current,urgency
含糊,hesitate,meditate,testate,estate
驳船,barge,burgle,badge,bangle
击剑,fence,fee,whence,fine
琐碎,detail,retail,detain,derail
辉煌,brightness,dazzle the eyes,gloom,interesting or pleasant to listen to
基本,ultimate,cultivate,estimate,climate
棺材,coffin,coffee,confine,cousin
抛弃,forsake,forage,chain reaction,forfeit
解除(婚约等),dissolve,dissolute,boatswain,shipwreck
水陆坦克,buffalo,veranda,barren,bowel
团结,solidify,solidity,trinity,to decide
(使)摆好姿势,pose,pole,paste,lose
壁炉,fireplace,replace,plaything,roly-poly
文盲,illiterate,obliterate,literate,name of an author, Lu Xun
缝,stitch,snatch,witch,itch
结构,construction,all kinds of,some kind ,organized group
大使,ambassador,person in charge ,first secretary,president
逐出,eject,expect,sect,elect
恳求,entreat,come to understand,supplicate,to deny 
信念,religion,region,religious,revision
使结合,integrate,integrity,integral,intestate
微粒,atom,atomic,atone,arm
好幻想的,romantic,rap,counsel,needlework
重视,value,vague,vogue,false
多风,windy,wend,kindly,wink
注满,inject,intent,infect,insect
滑板,slide,wide,lie,sluice
减小,diminish,pay retroactively,disarmament,to cheer sb. on
坚持,persevere,deliberately,guess,feeling
事故,occurrence,recurrence,commercial affairs,happening
配料,ingredient,spice,data,gift
分解,decompose,discompose,compose,comment
敏捷,promptly,evening,to arrive late,basic
给…调味,flavour,neutral,suggestion,handle
谦和,gracious,precious,voracious,veracious
动员,mobilize,mobile,moralize,demobilize
(意外地)出现,pop,jot,sop,log
(战争、愤怒等)爆发,outbreak,digest,kebab,metro
喝彩,applause,applaud,appraise,appease
使接替,relay,regal,replay,realty
飓风,hurricane,iceberg,east wind,icicle
群集,flock,frock,clock,flog
铸造(硬币),coin,ton,copy,cabin
不充足的,inadequate,inadequacy,adequate,family
(使)丁当响,jingle,mangle,tinge,jangle
资产阶级,bourgeois,Kuomintang,Party and government administration,proletariat
不雅观的,awkward,backward,award,road
螺旋(形)的,spiral,spire,spill,spinal
小数,decimal,decimate,denial,decibel
海关,custom,customer,accustom,custody
公约,convention,convection,confection,conception
超声,supersonic,nasal sound,laughter,thunder
(衣服里的)衬里,lining,refectory,staff,protect
从事(职业),follow,fellow,fallow,billow
编史家,historian,historical,historic,affront
极好,unique,antique,undue,clique
系列,spectrum,spectre,spectral,a lot of
最初,initially,initial,unlimited  duration,beginning of the year
行动,move,dive,money,mine
废料,scrap,scrape,scalp,crag
怀念,yearn,year,bear,tear
达到目的的手段,passport,password,politician,obsolete
以面纱遮掩,veil,veal,bail,well
危险,hazard,award,wizard,halyard
坚定,steady,stead,steely,stray
残酷行为,cruelty,crusty,cruel,neutron
卵形,oval,weal,rival,opal
条目,entry,sentry,entity,century
气孔,pore,dome,fore,pole
郁金香,tulip,trip,slip,lip
不朽,classic,class,chassis,classy
界限,radius,radio,Ladies,radish
雪茄烟,cigar,car,liar,cider
统治,sovereign,south side,student's strike,shopkeeper's strike
坡度,incline,incise,online,inkling
生产率,productivity,rate of exchange,support level,a platoon
男爵,baron,brow,bacon,baronet
瘟疫,plague,page,league,plane
围绕,enclosure,enclose,closure,surround
横切,traverse,transverse,averse,reverse
钮扣,fastener,listener,fasten,insect wax
风气,tone,sole,lone,dose
单纯,simple,simply,ample,pimple
顺时针方向转的,clockwise,history,curiosity,invariable
大使的职务,embassy,cover,medicated,jobcenter
维生素,vitamin,root of herbaceous peony ,nourishment,medicine
消遣,recreation,secretion,reception,recitation
归还,replacement,to ask,lend,return
芦笛,reed,organ ,a bowed stringed instrument with a thin wooden soundboard,set
延迟,retard,reward,rear,restart
命运,destiny,destine,destroy,testify
地下室,vault,salt,caulk,taunt
陡,rapidity,validity,cupidity,acidity
有帮助的,instrumental,old,noun,tally
差使,errand,brand,strand,expand
弧光,arc,add,barn,ark
阳台,terrace,terra,terrain,trace
赞歌,hymn,ham,rhyme,home
嫉妒,jealousy,zealous,jealous,confident
推翻,overthrow,intervene,overthrow,publicly known
前后一致,consistent,insistent,not be  mutually exclusive,homologous
废品,dust,dune,lush,duly
著名,noted,not to be found in the classics - not authoritative,immortal,authoritative
市的,municipal,public,one's job,extra
压制,quench,stench,bench,blench
迫害,persecute,prosecute,harmful,convenient
团结,solidarity,solidity,collapse,to combine
附属,accessory,accessary,hinge upon,all things tends in one direction
正确,validity,rapidity,validate,acidity
自私,thoughtless,nondescript,divine,figurative: given an inch, want  a mile
凝思,dwell,dell,swell,well
后果,outcome,retribution,the whole story,argument
一队,troop,proof,broom,crop
失踪,disappearance,spread fast,accident,to get an electric shock
规则性,regularity,regularize,dental,quibble
向北,northwards,drafty,reign,schedule
舞台监督,producer,product,produce,foreword
评议员,senator,sector,sensor,senate
分支,limb,lid,lamb,jib
饱和(状态),saturation,salutation,situation,lock
平静,tranquil,calm,not bat an eyelid,anxiety
丑事,scandal,sandal,vandal,canal
沼泽地,marsh,mar,mash,smash
耽搁,detain,certain,remain,derail
逃跑,fly,flax,flyer,fit
党纲,platform,man of character,rough,leading principles
餐巾(纸),napkin,catkin,akin,evince
分支,offset,offer,onset,outset
发言人,spokesman,sportsman,eyewitness,agent
不朽,immortal,mortal,immoral,unknown
湿气,humidity,cataract,paralysis,tropical disease
转移,diversion,aversion,diversity,diversify
抛,heave,heart,weave,heavy
有礼貌的,courteous,bounteous,courageous,conceited
欺诈,cheat,great,theft,create
燃烧,combustion,clatter,burnt,burn down
丰盛,hearty,earth,dearly,party
傻子,idiot,ingot,idiom,idol
买空的证券投机商,bull,dull,bulk,rule
团,regiment,regimen,resident,regime
必然,consequent,life insurance,as expected,went on to
眺望,overlook,overwork,overload,to review
小路,footpath,avenue,halfway,route 
撤销,repeal,appeal,repeat,repel
应该,should,have not learned to,feel it beneath one's dignity  to do something,won't do
改变,convert,invert,concert,confer
可能的事,possibility,sock,eastward,toffee
坚定,sturdy,surly,study,steady
控制,govern,covert,overt,over
大酒桶,butt,but,beet,buoy
(马)溜蹄走,pace,lack,have,race
把…引入船坞,dock,do,pock,rock
拉紧,brace,broach,tract,brake
蓄意犯罪,malice,mace,palace,malign
室内,indoor,indoors,door,the outside world
使软化,soften,often,rotten,soft
容光焕发,radiant,rampant,valiant,reliant
坚持,adhere,admire,there,adherent
(厨房内的)洗涤槽,sink,lint,dirk,stint
小树林,grove,drove,broke,globe
术语学,terminology,adjective,particle ,pronoun
炖着,stew,stud,she,step
(蜂等)嗡嗡叫,buzz,bus,fuzz,muzzy
海角,cape,care,case,cab
显露,emerge,merger,merge,emery
水银柱,mercury,Mercury,perjury,mercy
扶养,maintenance,child care,adopt,respect 
切片,segment,sediment,semen,cement
有效,significant,legitimate,general,indistinct
有份,participant,nonplus,gamut,pollard
发火焰,flame,blame,frame,glaze
原子核,nucleus,nuclear,atomic nucleus,quantum
屠杀,slaughter,daughter,laughter,gamble
轰动一时的人(或事),hit,its,hint,jot
分开,detach,each,death,detract
美德,morality,mortality,moralist,locality
宣传机构,propaganda,yearn,reinstate,budge
水力学的,hydraulic,hydraulics,satiety,simplicity
突出部分(如船头等),nose,noise,those,dose
指示,denote,donate,devote,depot
枯萎,wither,twitter,jitter,within
砂箱,flask,flaw,flare,slash
(烟、酒)味淡的,mild,lid,mail,mid
血管,vein,deign,sin,den
冶金学,metallurgy,priceless,venerate,revoke
指定,designate,desiccate,choose a site for the capital,legislation
沉思,brood,broad,brook,broody
(罗马天主教的)教皇,pope,ominous,trickster,hit
宜人,hospitality,to lack,moving,general
系统,systematically,network,film series,parentage
行动,proceeding,to walk,rush about,with one's hands clasped behind one's back
支持,second,send,scold,record
赞美(上帝),glorify,glory,clarify,playground
服从的,obedient,obedience,wax,fawn
善行,goodness,godless,goddess,poorness
猛地一拉,jerk,peck,germ,dark
场面,spectacle,-ism,money worship,humanism
无关,foreign,feign,foreigner,foreman
预言家,prophet,crochet,prophecy,propel
在(做)…时,over,beer,hover,aver
设想,conceive,concave,connive,conceit
万岁,hurrah,hurry,you ,comrade
蔑视,defy,deify,deft,beefy
在…旁边,alongside,giddy,tropical,hysterics
传说,report,sport,deport,retort
装饰物,ornament,ointment,ornamental,tournament
使自动化,automate,automatic,automat,nudge
不合理的,improper,proper,improve,surname
精炼厂,refinery,refine,finery,Public Security Bureau
(动物)品种,breed,greed,braid,breech
祸害,evil,devil,pail,ail
空的,void,vomit,lord,fond
欧姆,ohm,hardness,strength,length of 2 outstretched arms
开关,cock,hack,cluck,chuck
持续,persist,desist,permit,resist
粗心大意,reckless,feckless,trackless,recess
礁石,reef,grief,beef,tree
放纵(感情),indulge,indulgent,induce,tick
无穷(大),infinite,infinity,finite,indefinite
直率,explicit,exploit,implicit,elicit
走私,smuggle,snuggle,struggle,smudge
恶性,vicious,various,vacuous,vicarious
幼小的动物,puppy,happy,putty,poppy
眼界,scope,cope,scene,score
激烈,severe,sever,revert,revere
虫子,bug,cue,bud,beg
(兽类的)后踝,ham,pay,haw,him
头晕眼花,dizzy,dinky,diary,fuzzy
充电,charge,chafe,chaste,change
虔奉宗教,pious,pout,plus,proud
归还,replace,place,relate,replica
挤入,wedge,cede,badge,fudge
使认识,acquaint,quaint,acquit,darken
一致,compatible,comparable,of the same age,to belong to
均衡论,equilibrium,middle school,dialectical materialism,agnosticism
闲混,trifle,bridle,triple,rifle
竹,bamboo,baboon,taboo,gambol
格斗,combat,compact,comsat,coat
折磨,grind,grief,grunt,grin
(树木的)软枝条,switch,twitch,scotch,witch
连接,junction,unction,auction,munition
丝,web,rib,bet,wet
酒会,symposium,symposium,feast,Congress
流线型,streamline,invisible,sphere,ring-shaped
逃犯,outlaw,outlay,outlast,outlet
合成,synthesis,synthetic,synthesize,average
使屈服,subdue,sundae,subtle,undue
另外,otherwise,thereupon,extremely,how 
可估价的,appreciable,severe,peer,lionize
发挥(威力),exert,exalt,exhort,expect
饮食,diet,dirt,debt,gist
加衬里于,line,slice,inn,tune
金枪鱼,tuna,ton,lunar,lung
遗弃,desert,deer,dessert,desire
狂喜,rapture,rupture,mature,capture
使受影响,infect,inert,infest,inset
负的,negative,native,negate,relative
证实,confirmation,omen,to illustrate,it could even be said
看法,notion,ration,lotion,potion
选择,option,potion,ovation,action
实验上,experimentally,agio,unlimited,combat
熟练,proficiency,vigorous,switch to a job one was not trained for,grand talents mature slowly
无限期的,indefinite,infinite,definite,hone
熟练,proficient,boyish,initiative,amateur
同一,identical,of the same age,be under the jurisdiction of,subordinate
巡航,cruise,praise,ruse,raise
条款,provision,proviso,profusion,revision
渊博,profound,pronoun,propound,endless
冲动,impulse,pulse,repulse,impure
然而,whilst,whisk,whimsy,thirst
奉献,dedicate,decimate,mediate,delicate
系数,coefficient,volume of trade ,quota,reading
诗,verse,terse,verbose,mere
转变,transition,tradition,transitive,change irregularly
复兴,revive,relieve,review,revise
过度行为,excess,excise,excel,except
发生,generate,generator,venerate,general
扣紧,clasp,class,clap,camp
偿还,repay,decay,relay,rear
坚定,firmness,fitness,indomitable,to understand
谦逊,modesty,modest,majesty,molest
马戏,circus,cirrus,circle,virus
商议,counsel,consul,course,council
粘牢,glue,hue,gauze,flue
(森林中的)空旷地,clearing,quickset,narrative,barrow
运动,locomotive,locomotion,current,convection
殖民地的,colonial,colossal,colonel,colonist
(藤等)茎,cane,tone,caste,cafe
加浓,deepen,deafen,depend,keeper
泡沫塑料,foam,far,fray,roar
很可能,doubtless,countless,liqueur,childlike
镇压,suppress,oppress,confiscate,to operate on or to be operated on
表面上,seemingly,sinker,exceed,rehearse
不变,invariably,consistent,manage  with difficulty,pitiless
夜盗,burglar,burgle,bursar,pirate
苛求,particular,to ask,to look for,woo
扯帆,mast,malt,haste,mess
势力,influence,influenza,affluence,confluence
尔后,subsequent,before,last time,one after another
片,flake,flare,flee,fate
火星,Mars,ware,darn,cart
蛋黄,yolk,sperm,egg,egg
普及,popularity,popularize,recoil,sink low
痛苦,torment,ferment,torrent,orient
遮帘,blind,bond,bend,band
侦探,detective,defective,detection,elective
假的,fake,lake,bake,fame
埋葬,burial,aural,aerial,bureau
拍打,flap,clip,flag,map
钉住,tack,talk,walk,tuck
不合理的,absurd,absorb,abound,assure
定位,location,vocation,locution,oration
悲惨,misery,miner,livery,mastery
使(人)失去,deprive,deceive,derive,deprave
利用,impose,pose,depose,implore
槭树,maple,mangle,axle,male
损害,prejudice,harmful,insuperable,to prevent
建筑师,architect,researcher,observer,linguist
理解,comprehend,forget,to know well,proficient
股,thigh,thief,tight,high
预言,prophecy,prophet,prophesy,tattle
牲畜饲养,pasture,astute,posture,nature
服装,garment,ardent,lament,garden
用拱连接,arch,loch,arc,hatch
一家中年龄最小的人,baby,pay,by,jab
边缘,rim,dim,rig,tit
真诚,sincerity,false,honesty,filial piety
撞击,bump,pump,hump,bumpy
惊吓,fright,aright,fraught,flight
播音室,studio,studious,stupid,study
做礼拜,worship,warship,airship,workshop
穴,cavity,rarity,vanity,gravity
恐怖分子,terrorist,terrorism,graphic,summer
堵塞,jam,sap,dam,amp
船舶失事,shipwreck,monstrous,hitch,director
相互作用,interact,interface,intersect,interest
猎物,prey,trek,grey,hey
推测起来,presumably,presumable,perhaps,never 
经验主义,empirical,romanticism,middle school,atheism
作用,action,faction,auction,section
可喜,grateful,graceful,plateful,hateful
洋槐,locust,lousy,focus,robust
被迷住的,captive,native,capture,baptize
炫耀,dazzle,daze,puzzle,sizzle
山口,gap,lap,grasp,way
细丝,filament,figment,firmament,lament
用具包,kit,emit,rot,oil
进口,inlet,fillet,inlay,inset
命题,proposition,subject,problem,Spanish 
月亮,lunar,sugar,lunacy,liner
可靠,responsible,appropriate,using a talented person in an insignificant position,made in one's own country
精力旺盛,vigorous,rigorous,timorous,lacking strength
衰退,decline,recline,incline,destine
战争,warfare,welfare,foot,Japanese army
耶稣,Jesus,less,versus,mess
害人虫,pest,vast,post,net
教,tutor,motor,actor,author
转移,divert,liver,avert,diver
(稻麦等的)穗,ear,tear,par,law
猛烈,fury,furl,vary,funk
忧郁(的),melancholy,mixed feelings of grief and joy,suffering,miserable
留声机,gramophone,fixed pulley,phonograph,telephone equipment
征服者,conqueror,conquer,swindler,a wretched-looking tramp who lives by begging or stealing
启发,enlighten,lighten,to guide,correspondence course
瞬间,instantaneous,temporary,real time,a while
格子,lattice,the Tropic of Cancer,restrict at,destination
成员资格,membership,plague,inadequate,devise
前厅,lobby,bobby,hobby,lobe
柱(面),cylinder,cinder,calender,colander
挠,tickle,tinkle,sickle,tackle
消费者,consumer,conjurer,consume,consider
使堕落,degrade,grade,deride,deprave
酵母,yeast,roast,rest,mast
异常,singular,angular,insular,in spite of
反驳,contradict,contract,dispute,to quibble
长沙发,sofa,soda,some,son
有(法律)责任的,liable,likable,viable,amiable
系带,lace,place,face,lame
诱拐,kidnap,kidney,hoard,fraud
起源,derivation,privation,deviation,dedication
铀,uranium,sphere,announcer,demote
顽固,stubborn,handy,flexibility,highly capable
竖琴,harp,hers,chart,hare
不讲道理,unreasonable,arm,misjudge,orangutang
补偿,compensate,buy one's ticket after the normal time,increase,rise in value
举例,cite,upsurge,case in point,antecedent
悬臂,console,condole,consort,consult
通常,customary,customer,not bad,middle
使与标准比较,standardize,dandle,drawl,blade
与…辩解,excuse,excise,execute,excite
电子学,electronics,engineering,journalism,biology
雄辩,eloquence,eloquent,to quibble,to talk over
戏剧效果,theatre,there,sheathe,jobber
脆的,crisp,arise,clip,crap
劝说,persuasion,persuasive,percussion,drum up support
奴役,slave,lake,live,stave
三角,triangular,stature,shape,polygon
无毛,bald,pale,weld,bold
病人,invalid,valid,Einstein,Confucius
绝种,extinct,extract,extant,extent
预知,foresee,forester,forest,forever
沮丧,dismay,dismal,display,mislay
置换,displacement,switch,to change direction,modified tone
用公式表示,formulate,fortunate,formula,enrol
使显得新鲜,freshen,fresh,yeast,melon
内衣,underwear,gown,clothes,overcoat
集市,bazaar,market,scene ,place
人质,hostage,shortage,voltage,homage
圆满,satisfactorily,garble a statement, etc.,right,tight 
恐慌,panic,pane,pan,pain
和谐,harmonious,minute,troublesome,dynamic equilibrium
胜过,excel,easel,expel,extol
定量,quantitative,index,momentum,balance 
严厉,sharply,democracy,mean,advanced
巡官,inspector,inspection,inspect,silver
养育,foster,poster,porter,poser
鱼雷,torpedo,torpid,tornado,attack by a hidden enemy
空中加油飞机,tanker,tinker,canter,maker
吞食,devour,devote,detour,devout
告诉,impart,depart,impact,mart
冲突,strife,astride,strip,stroke
腐蚀,erosion,version,emotion,evasion
勇敢,courageous,outrageous,courteous,savage
解放,untie,until,undue,unzip
正确,correctly,quote out of context,not  to be taken as authoritative,abstract
气喘,pant,pint,want,halt
啄木鸟,woodpecker,shrike,peacock,woodpecker
冷笑,sneer,spear,sleep,veer
温泉,thermal,raindrop,mineral spring,fountain
感恩节,Thanksgiving,outgo,modulation,moor
地方行政长官,magistrate,antiquity,punishment,nip
重视,recognition,to be at ease,apprehensions,take care of oneself
迷人,charm,chasm,chalk,char
获得学位,commence,comment,commerce,commend
往来,intercourse,discharge,sunrise,to come out
津贴,allowance,alliance,salary,royalty 
战斗,battle,bangle,baffle,bottle
在海外,overseas,overhear,overhead,oversee
解释,version,pension,session,vision
意志薄弱,frail,train,brain,rail
普遍,universally,mix well,symmetry,unlimited
能力,capability,instinct,imagination,nuclear technology
实验法,experimentation,inadequate,desultory,fly
打,thrash,thrush,trash,thresh
共和国,commonwealth,federal,surrounding  countries,realm
相符合,coincide,concede,confide,concise
同等,coordinate,be under the jurisdiction of,be classified as,of the same age
抱怨,grumble,crumbly,crumble,tremble
扳机,trigger,wringer,snigger,tripper
管乐器的声音,blast,yeast,beast,lust
弄乱,mess,messy,pest,Jesus
此后,thereafter,hereafter,within the next few days,not long before
(水等)流掉,drain,braid,brain,ordain
筑巢,nest,test,neap,sect
拍手喝采声,clap,cap,alas,clay
收养,adoption,abortion,adoration,adoptive
纠正,rectify,certify,ratify,testify
少女,maiden,madden,midden,aide
周围,ambient,neighboring,opposite,space
活力,vigour,valour,rigour,vapour
不合适的,unfit,unit,uncut,until
向前(的),onwards,chink,miscreant,rip
同盟者,ally,all,sly,silly
迷惑,baffle,duffle,waffle,battle
窄条,strip,strict,slip,grip
实行,execution,executor,elocution,exaction
构成,constitute,institute,constipate,intertwine
保护措施,safeguard,lifeguard,automotive,claim
感应,induce,infuse,injure,adduce
肋,flank,blink,stank,flask
滤过,filter,sister,welter,winter
腐蚀,corrosion,corrosive,denude,to infringe on
分析,analytical,analytic,punctuation,brief introduction
请求,plea,pale,pied,pleat
洞悉,insight,sight,knight,night
信笺,stationery,stationary,stationer,tissue
沉默寡言的人,oyster,jester,mystery,outer
妨碍,handicap,to advance,exert ,in addition
联合抵制,boycott,joint,yell,undo
烧焦,scorch,smirch,search,coach
便览,handbook,bankbook,remark,for reference
数字,numerical,numeral,Chinese character,period
立体声,stereo,strew,stern,stele
光学,optical,topical,optics,optional
固定,mount,mot,moult,daunt
推论,inference,reference,conference,influence
电工,electrician,electrician,blacksmith,forger
捣蛋,mishief,provoke,faking a modern object as an ancient one,blessings
内海,basin,barn,bask,basis
固执,obstinate,not know how to appreciate favors,awkward in speech,answer fluently
用魔法迷惑,enchant,trenchant,entrant,merchant
基督教的,Christian,Christmas,warn,waterfront
料想,expect,elect,eject,expert
偏差,deflection,misunderstanding,glitch,length
怪癖,peculiarity,normalization ,neither fish nor fowl,tedious
犹豫不决,waver,maker,eaves,aver
(织机的)梭,shuttle,scuttle,spittle,subtle
补角,supplement,obtuse angle,ray,section
魅力,magnetism,magnetic,mannerism,magnesium
动力(学)的,kinetic,genetic,kinetics,absorption
中间体,intermediate,carp,spring,yet
把…除外,except,exceed,excerpt,excess
扯破,rip,zip,grin,rug
使…被永久地接受,establish,trait,tell,bishop
屈从,bend,band,need,blend
季度,quarterly,customer,flop,alluvium
目标,objective,objection,subjective,adjective
分界面,interface,interact,interfere,flagrant
移置,displace,misplace,displease,display
丰富,abundance,abundant,shield,rise in value
活塞,piston,pistol,bison,proton
副产品,by-product,semi-manufactured goods,textile,utensil
分期付款,installment,compensation,installment,mortgage
香气,incense,intense,incest,incise
软管,hose,hop,hog,Pope
显然,apparent,parent,broadly ,legal
总管道,main,chain,maize,stain
使发誓,pledge,hedge,ledge,sledge
滑车,pulley,bully,valley,pallet
消遣,amusement,amazement,stray,catch the wind
不相容的,incompatible,returnable,recession,vivacious
粉碎,shatter,spatter,scatter,patter
(暗中)摸索,grope,graze,grove,group
正的,positive,position,punitive,diagnosis
象征,token,toe,omen,stoker
需要,requisite,requite,exquisite,perquisite
商人,dealer,teller,beaker,dear
弱音器,mute,smite,cube,mum
钠,sodium,helping,fortieth,bliss
热带地区,tropic,topic,ironic,tragic
每盗船,pirate,prate,irate,migrate
记在页边,marginal,marital,virginal,cardinal
装扮,array,away,arrant,allay
使人伤心,sorrowful,quicklime,endear,cutthroat
刺激因素,catalyst,analyst,cataclysm,besiege
喜剧场面,comedy,comely,someday,homely
启蒙,initiate,vitiate,imitate,initiative
特殊,individual,specialist,fly one's onw colors - develop a school of one's own,to pass a test
难对付的,formidable,conductor,grove,cognizance
把…再分,subdivide,metrical,column,calendar
(肌肉)附着,insert,invert,infer,desert
(精力的)恢复,refreshment,raise ,discontented,gentle
(狗等)嗥叫,growl,drawl,row,grow
爱国,patriotic,patriotism,patriot,dreary
调整,modulate,undulate,adulate,populate
粘住,cling,clink,clang,clinch
大步,stride,strive,stroke,string
确定…的数量,quantify,qualify,quantity,screed
豹,leopard,candle,smog,harlot
相信,credit,edit,creditor,accredit
贪心,greed,grey,greedy,greens
不精密的,inaccurate,inaugurate,accurate,toxin
汽车游客旅馆,motel,mores,motto,mode
不在意的,absent,absentee,accent,abject
动物脂,grease,crease,greasy,lease
却,whereas,whereby,where,inequality
有影,shadowy,tradition,feverish,nonstick
机制,mechanism,mechanic,mechanize,mechanics
附近地区,vicinity,divinity,prisoner,entry
伸(头等),poke,poly,coke,dove
变甜,sweeten,sweater,swelter,sweet
幼芽,germ,farm,dorm,worm
推荐,recommendation,exhort,to introduce,recommend 
不道德的,shameful,hateful,militant,consultant
感染性的,infectious,infection,ruthless,jetsam
退隐,retirement,refinement,military service,responsible
向东,eastward,westward,bastard,dastard
药方,prescription,strap,folk remedy,synopsis 
不满,dissatisfaction,be outraged by an injustice,to satisfy,disturbed
印刷工,printer,painter,planter,drifter
暴君,tyrant,rant,hydrant,grant
绣制品,embroidery,embroider,disc,tweeter
(钟等的)摆,pendulum,pendium,brevity,commission
伤心,blue,bide,bike,value
基本,radical,medical,racial,rascal
赔偿,compensation,mortgage,fee,redeem
鸽子,dove,dive,solve,hole
交替,alternate,alternator,alienate,just
急件,dispatch,despatch,program,white paper
指导,coach,clack,cough,poach
例外,exceptional,reciprocity,asynchronous,almost, nearly
出身,descent,ascent,decant,descend
冒犯,offence,offender,offend,defence
类似,comparable,compatible,generally speaking,following
紧紧拥抱,hug,tug,hue,her
数,reckon,beckon,reason,region
敌对,hostile,hostel,hustle,hospice
渡口,ferry,parry,merry,fury
互利,reciprocal,advantageous,suffer,break out
同一日期,even,ewer,pen,eve
结核病,tuberculosis,epidemic,incurable disease,internal  injury 
及时,timely,namely,comely,untimely
柳树,willow,willowy,pillow,wallow
操作,manipulate,to operate,be applicable,common
(旅馆等的)休息室,lounge,lunge,rouge,long
腌制食品,pickle,fickle,sickle,prickle
明确的表达,formulation,sector,freeway,conclusive
踏板,pedal,seal,medal,peal
宣布,declaration,monopolize,to give orders,out of control
青铜色,bronze,blonde,browse,brine
精力旺盛,energetic,unconcern,faithless,hovercraft
装货,shipment,traverse,to load,to pass through
午餐,luncheon,truncheon,board,gospel
发出爆裂声,crack,check,slack,clack
使负债,embarrass,plum,regiment,outdated
辩论,controversy,dialectical,provide an explanation,eloquent
红宝石,ruby,ruin,buy,cub
吵架,row,run,pot,rob
狂怒,wrath,what,grate,wreath
赞成,uphold,behold,untold,hold
一串,cluster,clutter,flutter,fluster
默想,muse,maze,mash,must
呈现,unfold,untold,enfold,unroll
卷,reel,rebel,feel,repel
汽车道,motorway,motorcar,motorman,doorway
契约,lease,ease,please,cease
主持,preside,reside,fireside,precede
勾销,cancel,cancer,dance,channel
(工具的)柄,shaft,shawl,shaky,chart
无力,inertia,inert,health,walk with difficulty
卷绕着的线,winding,amnesty,seminary,bloodshot
擦热皮肤,friction,faction,fiction,fraction
起跑线,scratch,scotch,stretch,scratchy
使通风,ventilate,ventilator,prior,denote
派系,split,splint,solid,spurt
介绍,presentation,recommend ,count off,warn
精明,prudent,ardent,present,prudence
臭名昭著,notorious,promising,famous,honored
(性格等)严峻的,rigorous,vigorous,timorous,riotous
符合,correspondence,dramatic,on the right track,unrealistic
使腐朽,decay,delay,decoy,repay
杜鹃,cuckoo,partridge,peacock,fowl
传感器,sensor,vendor,censor,senior
使超载,overload,overland,overboard,overhead
畸形的动植物,monster,roster,monsieur,bolster
提供资金,finance,financier,fiance,inane
柴油发动机,diesel,tinsel,dispel,elevator
抬高,elevate,legate,elate,enervate
猩红,scarlet,carpet,scarce,scare
开槽于,groove,glove,grouse,groom
迷惑,bewilder,builder,no matter what,to deceive
强烈希望,urge,forge,wage,curse
埃及,Egyptian,Thai,Tanzania,Switzerland
回授,regenerative,detour,depict,pendant
录象,video,vide,vie,idem
同谋,pal,pap,sale,hall
夹子,clamp,cram,claw,clasp
目标,end,tend,hind,rend
向前(的),onward,ward,poniard,inward
尽善尽美,perfection,perception,influence,wise
沟,gutter,totter,litter,mutter
刊登,carry,harry,tarry,hairy
夹入,sandwich,contravene,null,posh
附属物,satellite,semiconductor,liquid crystal,solid
斜向一边,sideways,sidewalk,decorum,malleable
可移动的,portable,porthole,portage,notable
有效(性),availability,renewal,hale,stint
畸形,crooked,humorous,suspicious,queer
奢侈,extravagant,endure,intermittently,penny-pinching
(使)旋转,rotate,rebate,route,rota
海峡,strait,stair,trait,straw
不整齐,irregularity,replenish,nasal,ballast
层位,horizon,queue,accost,toughen
规定,define,deride,fine,deface
吃早餐,breakfast,loaf,switchback,confine
隔离者,insulator,insular,insulation,insulate
白肤金发碧眼的人,blond,blank,aloud,blend
橄榄,olive,like,naive,drive
一段情节,episode,epitome,epistle,militia
(人的)体格,constitution,ingenuity,thought,effort
推测,gather,rather,father,farther
使专门化,specialize,socialize,speciality,specialist
作长途徒步旅行,hike,puke,pine,his
翻来复去,toss,toll,pass,moss
拘束,uneasy,unmask,greasy,easy
上帝,Heaven,angel,goddess,Shinto 
主要,principally,to aide,low,it doesn't matter
战术,tactics,tactile,antics,tactical
同时,simultaneous,not only ,too,although
(使)烦恼,fret,fresh,fare,fore
仓库,storage,forage,strange,stage
周期的,periodic,periodical,period,establish
石英,quartz,quart,quartet,quarry
达不到的,inaccessible,consequent,crosstalk,ixia
景色,landscape,decorative,mirage,format
无缺点的,faultless,fruitless,teaset,snail
蛇(尤指大蛇或毒蛇),serpent,serene,repent,servant
交响乐,symphony,symphonic,music, esp. folk music, for traditional instruments,a pair of antithetical phrases, etc.
歪曲,violent,violet,violence,silent
固有,inherent,adherent,interest,indecent
行人,pedestrian,tourist,a wretched-looking tramp who lives by begging or stealing,passenger
不考虑的,irrespective,therefore,furthermore,because
冥想,meditate,militate,medicated,mediate
它的,thereof,there,thereby,extortion
突然袭击,overtake,overtime,overawe,overtax
大量,multitude,altitude,responsible,generous
开方,evolution,resolution,devolution,revolution
中子,neutron,neutral,ion,quantum
变成,fall,fame,hallo,wall
消费(量),consumption,give up on,resolve,scrub
欣赏,appreciation,guess,entertainment,art exhibition
惊奇,astonishment,lingering fear,custom,be unable to carry on even for a single day
假定,postulate,postdate,populate,from this, it can be seen that...
奇异,fantastic,fanatic,terror,lingering fear
受赡养者,dependant,sour,danger,gate
(鸟)振翼,flutter,fluster,cutter,clatter
收入数目,revenue,reverie,revenge,venue
向…行贿,bribe,jibe,prime,bride
推敲,thresh,thrash,thrush,afresh
(在市场上)销售,market,marker,packet,mallet
子孙,offspring,ape man,peer,close friend
权利,claim,clam,class,calm
(乐器的)弦,chord,charm,accord,choke
任务,undertaking,property right,heavy,cloth-wrapper
头向前的(地),headlong,headline,headland,star
使人厌倦,tiresome,adore,universal fraternity,love of country
带柄水罐,jug,nut,bun,hug
巨人似的,gigantic,notorious,masseur,clement
抵押,mortgage,mortgagee,mortgager,montage
在前面,fore,fort,flue,bone
缄默,reserve,deserve,reverie,preserve
住所,lodging,occasion,special-purpose phone line or communications link,wireless
遵照,comply,copy,comely,comity
吃饭,dine,dire,dice,kin
北极,arctic,ascetic,hectic,critic
授予物,grant,giant,grate,truant
性格,kidney,kidnap,tyrannical,position in the family hierarchy
评述,observe,serve,conserve,observer
不一致,disagreement,menopause,unsubdued,yes
种类,species,specimen,series,specie
傍徨,hover,shovel,hope,hooker
起居室,sitting-room,kitchen,drawing room ,toilet
海龟,turtle,title,tattle,hurtle
频繁,frequency,frequent,frequently,at first
警惕,alert,sleet,apart,aver
(用力)扔,fling,ring,flying,cling
保存,preservation,homing,storage,succeeded in finding
鼓起的,plump,plumb,jump,lump
护卫,escort,export,extort,sort
拖引,tow,bow,top,town
果皮,peel,seek,reek,pew
传教士,missionary,visionary,pope,archbishop
末梢,peripheral,case history,to see the world,former happenings
壁碗橱,closet,cloze,close,corset
假设,hypothesis,only,if that's the case, then ,no matter
修饰,modification,remodel,reconcile,arrange
定理,theorem,there,theory,logic
打破,smash,sash,mash,abash
究竟是谁,whoever,hover,however,whopper
平凡,commonplace,very difficult ,low level,upper class
过高估计,overestimate,flare,discussion,Aids
相反的(地),counter,encounter,hunter,corner
宗派,faction,fraction,fiction,action
不合需要,undesirable,payee,sawmill,minister
吠,howl,how,hook,roll
助长,facilitate,to place,to award,before a verb] handle, deal with
把钱存入银行,bank,mask,aback,pant
新的,novel,oval,hovel,naval
掠夺,plunder,ponder,bounder,launder
出现,offer,toffee,otter,coffer
浮标,float,flood,afloat,foal
骚乱,riot,drift,rot,root
分歧,diverge,diverse,divorce,divulge
病房,ward,nark,card,lard
线接头,terminal,terminus,terminate,seminal
照字义,literally,literary,literal,literacy
概括,generalization,to have altogether,to hold,watery
目不转睛,intent,infest,inlet,extent
告知收到,acknowledge,kind,fraction,curse
对称(性),symmetry,equilibrium,symmetry,simple
灯头,burner,turner,burden,butter
二氧化物,dioxide,oxide,diode,divide
投影仪,projector,prosecutor,protector,projection
漏出物,leakage,cleavage,breakage,erode
说明,exposition,position,deposition,expedition
用车床加工,lathe,lath,gate,lithe
裁决,rule,guile,cult,role
独特,distinct,district,instinct,distant
成体系的,systematic,storm,metrical,overhear
外,strange,stranger,estrange,straggle
裂隙,flaw,slap,flay,law
告诫,warning,lesson ,to hit,transmit
标准,norm,dorm,gore,form
(量得的)尺寸,measurement,strength,extremely,to estimate one's strength
衣橱,wardrobe,hammock,a built-in wardrobe or cupboard,alveolar ridge
为了,towards,coward,upwards,by
裤子,pants,mantis,pant,pantry
向…欢呼,hail,haul,hair,pain
结束,completion,complexion,to come or go or get off work,to finish school
周(边),perimeter,parameter,transparency,vigor
送洗衣店去洗的东西,laundry,launder,foundry,sundry
海底电报,cable,bauble,gable,arable
淫猥,filth,fill,width,filch
谷粒,kernel,kennel,vernal,keel
烃,hydrocarbon,butane,hydrocarbon,crystal
优越(性),superiority,tendency,current situation,political situation
雕刻品,sculpture,sculptor,culture,scripture
闲逛,ramble,tremble,amble,sable
指导者,instructor,instruct,a teacher in charge of a class,pedant
假设,presume,pressure,prelude,presage
迄今,hitherto,hither,before,last week
弄歪,distortion,bring order out of chaos,rectify,to picket
密林,jungle,jangle,single,bangle
髯,whisker,whimper,thinker,whisper
《圣经》,scripture,sculpture,stricture,scriptural
相反,inversely,absolutely,where,return
战斗机,fighter,frighten,lighter,fight
救世主(耶稣基督),Christ,thrust,hoist,jurist
清洁,cleanliness,a land swarming with disaster victims,oversensitive,stately
迅速,velocity,ferocity,felicity,high efficiency
子孙,descendant,ascendant,defendant,friend
下薄雾,mist,moist,misty,mind
丘庇特,Jupiter,slake,amnesia,waver
报价,bid,on the market,industry,stock price
恶意,spite,rite,site,spine
用户,subscription,be perfidious,invite,to break a promise
啄,peck,tack,beck,pep
绝世美女,goddess,goodness,godless,vertebrate
排列,range,grange,orange,rage
微小,slim,slew,slime,slimy
全然,sheer,sheep,seem,cheer
正常化,normalization,queer,amusing,pitiful
用网覆盖,net,vat,lest,ref
摄影术,photography,bolt,climb,discipline
唉,alas,clash,clasp,slay
大豆,soy,potato,sweet potato,legumes
代表性的,representative,bark,wealthy,hormone
名胜,sight,eight,mighty,tight
告发,denounce,announce,renounce,impeach
仁慈,merciful,mean and ferocious,various countries,what
迹象,sign,sin,mien,sigh
冒犯,offensive,defensive,all's fair in war,infest
强迫,constraint,constrict,constrain,constant
罗马人,Roman,thereupon,effusive,wedge
第一流的,first-rate,chase the wind and clutch at shadows - make groundless accusations,to influence,lit.: dragon flies, phoenix dances
唇膏,lipstick,watch glass,cologne,barometer
不朽的,eternal,external,maternal,vernal
广告,leaflet,post,to advertise,declaration
宽敞,ample,angle,amble,maple
标高,elevation,legation,election,elation
球形,spherical,formation,new type,oval
协作,team,tea,dam,tram
美人,Venus,a short person,fat person,skeleton
使(颜色等)显现,develop,envelop,upper,extradite
工(作)件,workpiece,parochial,scorer,page
商品,ware,worm,cadre,ape
扫描,scan,mean,sand,seal
(马戏的)小丑,clown,brown,gown,clean
加热的人,heater,helper,heaven,enter
轴向,axial,axiom,axis,labial
殴打,assault,assail,contradict ,to fight
(使)倾斜,tilt,hilt,salt,lilt
摇摆,wag,gad,ah,yap
旅馆女老板,hostess,hostel,possess,sway
意义深长,pregnant,poignant,pennant,pregnancy
锅炉,boiler,border,bole,toilet
必不可少,indispensable,acquaintance,astonishing,uncalled-for
使波动,fluctuate,earthen,stationary,assemble
许可证,warrant,warranty,arrant,vagrant
细微,nice,ride,nine,neck
啃,gnaw,nab,claw,goad
猜疑,suspicious,suspicion,auspicious,to agree
小提箱,suitcase,nutcase,bellows,thermometer screen
微波,microwave,bubble,surge,lava
(基督教的)主教,bishop,mishap,shop,bison
公正,impartial,martial,partial,imperial
摩天楼,skyscraper,lodge,bungalow,palace
朝代,reign,resin,feign,rig
从动件,follower,flower,follow,close
锄地,hoe,horde,log,cod
睡眠,slumber,blubber,lumber,plumber
美洲狮,panther,canter,patter,another
并发症,complication,incurable disease,internal  injury ,VD
碰撞,collide,collier,collate,college
局(或署、处等),administration,tube,audio,gut
难以满足,difficult,difficulty,phenomenal,delude
誓约,vow,vim,down,law
范畴,category,old and new,palm,distance
食物,nourishment,fireworks,fodder,vegetarian food
晚辈,inferior,inferno,interior,anterior
详尽,thorough,through,trough,though
养在家里,domestic,relativity,truss,matriarch
请愿,petition,edition,position,repetition
四季开花,perpetual,perpetuate,admire,skullcap
家禽,fowl,boil,foul,howl
不完全的,incomplete,complete,jointure,iterate
环境,environmental,phenomenon,way of life,requirement
职责,obligation,oblation,blame,inheritance
必定,bound,definitely,when all is said and done,life insurance
有益,profitable,to infringe on,to surpass,impassable
诊断(疾病),diagnose,diagnosis,angel,bracket
感觉,sensation,cessation,deliberation,cherish
以前,formerly,last time,nowadays,the day before
(举止、服饰)雅致的,elegant,elegance,relevant,elephant
现有,forthcoming,remain,relevant,to preserve
复杂(性),complexity,complicity,complexion,weir
骨缝,seam,spear,sham,seal
(建筑物等的)位置,situation,citation,station,saturation
组织,framework,a front ,board of trustees,government branch
命定,destine,destined,festive,define
词汇表,glossary,trolley,blockade,murderous
不锈,stainless,sinless,stateless,painless
缩影,miniature,concentration,shrink,to raise
溜达,stroll,scroll,atoll,stall
交涉,negotiate,negotiable,consult with,discussions
最外面的,outermost,quiescent,conjugal,helmet
葡萄干,raisin,raise,resin,rain
寄存物,deposit,deport,depositor,depose
除外,exclusive,explosive,inclusive,elusive
使减到最小,minimize,maximize,antarctic,nonpareil
激怒,irritate,there can never be too much deception in war,to gain by cheating,trouble
(轻微地)颤动,quiver,quaver,diver,quite
辩护律师,attorney,judge,pedant,coach
交易,transaction,to circulate,finance and trade,foreign trade
诅咒,damn,rain,damp,day
侦察,scout,gout,flout,score
班船,liner,linen,lager,tinker
堡垒,fortress,knowledge base,store of arms,a public park
(使)背离,deviate,devote,obviate,device
经济,economics,economic,economical,ergonomics
幸存者,survival,surgical,survive,survivor
悲剧性的,tragic,trait,trail,train
极性,polar,solar,poor,pear
靠那个,whereby,heresy,hereby,thereby
元帅,marshal,marsh,marital,martial
圆滑,tact,lack,task,fast
符合,answer,antler,anger,coordinate with
牛奶,milky,murky,sulky,milk
冻,jelly,bully,jolly,telly
蟾蜍,toad,hippopotamus,viper,frog
分享,participate,receive,to accept,take a beating
食品柜,pantry,gantry,pant,paltry
表示,signify,magnify,dignify,dignity
古物,antique,unique,remnant,supply
约会,engagement,pursue ,to link,be engaged
机能上的,dynamic,dynamics,dynamo,dynamite
无,nought,naughty,nougat,ought
互相关联的事物,correlate,corrugate,pendulum,squeeze
历史性的,historic,history,historian,historical
(宽大的)睡衣裤,pyjamas,tighten,semicircle,cohabit
装饰品,ornamental,ornament,perfume,makeup
使麻痹,paralyse,necessary,mate,clank
施舍物,handout,candour,handful,enclosure
变更,alteration,iteration,to make legal,denaturation
大陆,continental,the North Pole,depression,tropic
使缠结,tangle,bangle,wangle,dangle
(物体的)尖端,peak,peck,zeal,bead
独唱曲,solo,loll,soot,sly
盗窃,theft,that,theme,test
提出(议案等),introduce,upbraid,bum,violinist
嘲笑,scoff,scorn,scoop,scour
满期,expire,expiate,empire,exile
压碎,squash,sash,splash,squad
神秘小说,mystery,mystify,masterly,mastery
哺乳动物,mammal,mamma,mama,manual
(时间等)支出,expenditure,to settle accounts,to squander,waste
爱国者,patriot,patriotic,parrot,patron
惊奇,marvel,navel,cartel,carve
略过,skip,ski,skim,skimp
盖印,impress,empress,express,compress
散文,prose,pose,phrase,praise
通常,ordinarily,first-class,supreme,special
悲痛,grief,chief,greet,brief
赤道,equator,equation,squalor,equate
金属,metallic,platinum,gold,protein
放射,radial,reflex,diffraction,shine
砍伐,fell,yell,fall,dell
配合,fitting,be a speculator ,fit,second only to...
践踏,trample,triple,grapple,ample
通报,circular,circulate,majority vote,taxation form
冰冷,icy,ill,wiry,pick
敏感(性),sensitivity,endemic,growl,contrive
持续,persistence,every day,at first,continuously
用于切割的器械,cutter,butter,utter,cutler
转弯抹角,roundabout,yet,unfortunately,thanks to
勤劳,industrious,childish,lasting,passive
恶梦,nightmare,interest,delusion,will to fight
僧侣,monk,wink,funk,kink
预先装置,preset,present,prose,preen
传奇,romance,tragedy,comedy,tragicomedy
加润滑油,lubricate,fabricate,lubricant,discomfort
硬度,stiffness,size,longitude,illumination
通用,versatile,common,public,abuse
约定,undertake,understate,underrate,undertone
高烟囱,stalk,scale,stark,stair
舍弃,reject,resent,revert,reflect
投票,poll,doll,hill,poly
仅仅,barely,rarely,purely,barley
反映,mirror,morrow,marrow,micron
崇拜,adore,atone,cadre,sore
起重器,jack,act,lack,pack
寂静,stillness,illness,busy ,to crowd
